hasan,"salary
",給与,高,AI error
hasan,salary,給与,高,"AI Error: 400 API key not valid. Please pass a valid API key. [reason: ""API_KEY_INVALID""
domain: ""googleapis.com""
metadata {
  key: ""service""
  value: ""generativelanguage.googleapis.com""
}
, locale: ""en-US""
message: ""API key not valid. Please pass a valid API key.""
]"
hasan,salary,給与,高,"AI Error: 400 API key not valid. Please pass a valid API key. [reason: ""API_KEY_INVALID""
domain: ""googleapis.com""
metadata {
  key: ""service""
  value: ""generativelanguage.googleapis.com""
}
, locale: ""en-US""
message: ""API key not valid. Please pass a valid API key.""
]"
hasan,salary,給与,高,"AI Error: 400 API key not valid. Please pass a valid API key. [reason: ""API_KEY_INVALID""
domain: ""googleapis.com""
metadata {
  key: ""service""
  value: ""generativelanguage.googleapis.com""
}
, locale: ""en-US""
message: ""API key not valid. Please pass a valid API key.""
]"
hasan,salay,その他,低,"AI Error: 400 API key not valid. Please pass a valid API key. [reason: ""API_KEY_INVALID""
domain: ""googleapis.com""
metadata {
  key: ""service""
  value: ""generativelanguage.googleapis.com""
}
, locale: ""en-US""
message: ""API key not valid. Please pass a valid API key.""
]"
,salary problem,給与,高,"AI Error: 400 API key not valid. Please pass a valid API key. [reason: ""API_KEY_INVALID""
domain: ""googleapis.com""
metadata {
  key: ""service""
  value: ""generativelanguage.googleapis.com""
}
, locale: ""en-US""
message: ""API key not valid. Please pass a valid API key.""
]"
